113,419e0896-52f1-4913-a43c-ec3ae62b66b6,渡辺 心愛,Nelda.Price69@hotmail.com,ytEMIatIxHF7r3D,026-292-3312
38,f6fc18cb-b7d3-4e6c-b4f2-2c9422933b9b,田中 美羽,Catalina0@yahoo.com,hf8T7uwgoGJ9CEt,02264-0-2048
6,64157d6b-d84d-417f-b44d-31775d6a134f,斎藤 蓮,Gladyce0@yahoo.com,IgZwbeINDXUV_i3,0059-96-2954
134,4048db0f-2454-477a-870b-a007ea21df2b,松本 心愛,Ephraim.Weber@yahoo.com,6f1SkLgu2dy58sE,07614-8-7370
275,9f2fe7d1-a5b0-41b7-802c-8a7ed93baf48,斎藤 結愛,Alene88@gmail.com,NKe7ZYrTgzd0MF5,00271-1-8209
51,64e200ea-710f-45c4-a9ff-7e6f8f8b077b,山口 結菜,Tod49@gmail.com,REOGU4yZdPhBIg7,097-523-9207
246,c69b2b5b-d439-4f30-8243-579fca1be721,加藤 結衣,Bernadette56@yahoo.com,ZZflkoo4eAsNkAE,040-012-3093
30,c30a57de-128d-478b-87f5-3e3a82008415,佐藤 蓮,Earl_Stehr1@yahoo.com,nof5MMbzM8QIdBR,004-575-4871
115,0f2ad808-357a-4da1-91ac-759c4fea80d1,木村 陽菜,Delilah_Wehner@yahoo.com,SWHrfLYw7cpdOLL,0399-66-9142
84,9f17feae-2290-4cab-b947-57d163954e4d,山田 翼,Rafael1@hotmail.com,UmGJV9tM_d14iH7,047-346-0727
89,b8da5c74-6767-441a-8f6f-22e6a977be82,伊藤 杏,Ashleigh75@gmail.com,KOs57ysBfrPWUY1,05480-5-9800
9,4ab98bf4-424d-4ae8-947b-f87c3b67c6fd,高橋 大和,Ephraim43@hotmail.com,j6Y1XgSKuzbc6lO,02143-0-0645
182,1995b94e-0cdd-47ec-acc3-3f53a53525ca,高橋 蓮,Shana92@yahoo.com,_MIrYvRIK54hS6D,09-1772-5475
123,dfeb1c74-fa0b-4690-9a2e-318361582767,山口 海翔,Stuart.Wunsch88@yahoo.com,woty6MVwfw_Jq7h,0781-90-5240
71,a26f5ab2-4b3a-4ed3-b01b-9332b0b26451,鈴木 愛菜,Haleigh.Stoltenberg@yahoo.com,hsGvdIPBYS7aAMa,00-3556-0506
2,73a07bc1-d494-4b82-99ba-aea67c74ce2d,佐藤 心愛,Barney_Kovacek@gmail.com,dqJ79H9Rq5UZPNw,0621-03-7957
265,1edd4d1b-1d22-435d-8764-9f45e2ab6157,佐々木 大和,Otis.DAmore@yahoo.com,4j_Vyy9ZgHN9HCv,0062-29-2678
4,fecdecbd-6a5b-49e7-879b-e17a8bbef721,山本 太一,Johnathon26@yahoo.com,ZmgerSq99soMcE3,07057-2-8627
6,dc1f4d12-6905-45cb-9d27-e550d99f1bcb,林 莉子,Joanne66@gmail.com,uTNv1Uuj2mONyVI,091-794-8266
190,e9b983bd-91c1-49d1-9985-77424a105d44,井上 心愛,Sven_Gulgowski86@yahoo.com,N7spcbZNhgZGkkW,09-9017-9888
6,de1fc2a7-e707-4f87-9ff8-6a1e8081f3b2,吉田 海翔,Skyla22@gmail.com,pf_wawpMslBZCxM,084-533-0756
44,c5800354-0be3-4c2e-bae9-5a894fd3e90c,佐藤 美羽,Sherwood72@yahoo.com,Fhx4EbyxCmy0Ned,02-2625-1417
188,9c004b9e-f733-4bb9-a206-f4a4488321dd,斎藤 美咲,Cassie_Gutmann76@yahoo.com,nQ8NGMSHPYwgGbG,000-832-8190
177,071eceb1-2f95-4ddc-9ca4-b637cc178ebd,渡辺 陸斗,Rowena.Hansen14@hotmail.com,9K3pHQtTbXlbHr0,01104-1-4933
110,3932c58a-ad21-4354-a117-674c42dd92ca,中村 翼,Mortimer_Ryan@yahoo.com,9a6dvmkXOQTxoFU,0464-60-2301
154,d1297aa2-dffb-4781-984b-1693242afb4b,佐々木 心愛,Roy_Heller96@gmail.com,Tz6fPo9pJuOXecl,08927-8-0211
86,592f3876-895f-48ff-92fc-7a0978a73cfb,小林 陽菜,Eulah41@yahoo.com,c7v03yNacdT82d9,09-1427-6110
48,ec687d43-940d-4f95-979f-4157e5200bc1,林 樹,Alexandro_Rau86@yahoo.com,K09a_xFabA8Pt8s,02170-7-1177
129,106dd6e1-6f34-4855-bc73-52f7f81364f0,伊藤 陸斗,Arch.Crooks4@gmail.com,1XdZbZN0g7qMuJc,077-118-5867
3,3d403479-ac32-4d35-b60e-3472f5835662,佐藤 翼,Melyna79@yahoo.com,4lm6dNCciVI9I71,0386-98-7936
153,cfca7aef-4456-4846-ad10-f6eb672be542,田中 結衣,Davion36@hotmail.com,gv_DQt4n15mFdNe,07730-1-2632
58,3fea4212-87a1-48a1-8283-3bb87aa62d53,木村 大和,Winnifred77@gmail.com,1j9AonanvX3VZ3r,051-875-1933
106,700db9ee-3942-4a7a-8c89-f17552fffec7,渡辺 愛菜,Roger_OConner@yahoo.com,dqLt2VyFktpEA2B,080-606-6158
183,55755fbb-adce-4420-8b12-7779220c6645,小林 颯太,Isadore35@hotmail.com,bU1srakaE6hctPd,066-096-9365
206,1e8b478d-cf96-4823-8336-af263d3d08cd,渡辺 莉子,Abdullah.Gleichner87@hotmail.com,Y8MPBTkPg0MWv4G,03-4005-1682
0,839a5eee-ac7b-4db4-9a90-eaa762624431,渡辺 陽翔,Belle_Lueilwitz38@yahoo.com,WJ_hJAhtlNU1N9V,03-3766-1075
115,9c762619-2a1d-404c-8293-a85fd9e093a2,松本 太一,Sean.Koelpin30@hotmail.com,O6jmqgOUs_SqJTA,013-684-1568
278,da373359-2b58-402f-9438-580ce58c59d6,松本 莉子,Erich_Bernier@yahoo.com,uof0gKfu7hjmyym,02973-8-3958
75,fdb8f9a3-6849-46dd-aa33-bea24c31124f,清水 莉子,Dedric.Auer@gmail.com,gkbztgWkcyX4Clq,06-5080-9755
19,4bcdbe0f-ccc1-4268-bfde-aa1c47cb6627,山本 杏,Randi1@gmail.com,KD2ts2Zet9u7HW2,0997-67-5397
16,d87b2573-8b0c-4a89-bf70-e4a1c8323e4d,伊藤 蒼空,Lucio.Pollich@hotmail.com,kil6dniwOWm8FuK,07467-7-9056
82,4220a95b-ab13-4c8b-9659-91482574d3f0,小林 美羽,Sydnie54@yahoo.com,pi6c4sKerFo1pOH,01254-8-0732
121,0f9c638e-6b66-4ebd-82dc-89861e6db0ee,清水 結菜,Clarabelle_Prosacco@gmail.com,7PrhnBRbR53iKxm,09-4930-5991
50,c922ffd3-304f-46d4-9adb-f78841c8d6f6,林 海翔,Daniela59@gmail.com,PYcRFB4FEebPlkM,034-091-0562
328,989a7be3-97c5-49f7-8a6d-222508cd12c3,山本 美羽,Andre.Collins34@gmail.com,RkT8D1uWxvEpGSI,05-5322-1603
55,a9367cb0-382e-4d70-88df-05790c4d0724,吉田 結衣,Delilah49@yahoo.com,3gYd6aZ90BswXpx,041-636-3698
57,604065d6-e9c4-4856-8dc9-092e7c0b9b7c,鈴木 陸斗,Jaqueline.Nader11@yahoo.com,I93KaWlXejf0_G5,07-5319-9411
58,ef65bd3f-71cd-4118-8bc4-14dbea3aeb56,清水 大翔,Rene_Dooley72@gmail.com,6P5drsY8BqH9gMI,00-2588-4843
276,d6634fad-5359-46e6-b96e-fef6f9155082,中村 太一,Christine_Johnson@yahoo.com,o5yjlEs3TkIDAOP,084-706-3642
38,d9636b34-7a04-4918-a898-b4f2c1ba8dc6,田中 陸斗,Mozell62@gmail.com,C2u3cZ9AY5gI4tg,082-333-8020
233,34749bfe-daf4-4022-a227-dda1f18424b8,佐藤 結菜,Emilio.McKenzie@gmail.com,7hEOw1rW4yUhw6v,004-660-7409
72,0d5ead73-10d5-4693-bedb-4c93aaabd400,松本 蓮,Lionel_OReilly8@gmail.com,OIrKzn4HoxENl21,0570-82-4700
1,7b7e0406-07f4-43be-aab2-85421a67c44f,高橋 蒼空,Garrick19@hotmail.com,XxD6M2PNkPmJ4_M,04815-2-5932
26,9c50564d-5cfa-4db0-b90d-072b390cb1ed,田中 太一,Dorris34@yahoo.com,z8joi2Cr9Y3qGHT,02150-0-8517
138,e904b9ef-1a5e-4c79-892b-9abc76bf99c3,清水 蒼空,Odie_Hahn53@gmail.com,ENKjDo0MoGgugYR,0431-82-6797
15,c0f5aa8b-8f1c-4f27-8b95-4a9abddf9f6e,井上 陽菜,Polly_Prosacco@gmail.com,Qj0VhfViRj2nN2J,0749-91-3609
117,e0615fd1-0edb-475f-a741-d870d12487b6,佐藤 心愛,Kaci_Bernier65@gmail.com,3asR4dxR3TUas80,08-7176-9783
53,0ca30224-8de7-4f71-8825-5312f340fdb0,吉田 海翔,Jeffry.Dickinson88@hotmail.com,bNzNwKoV6b7K3Mv,01-2278-6652
49,455e22ed-c347-430d-9a6a-92bb72a53ca5,鈴木 心愛,Jakayla.Howell45@gmail.com,aLh4mD6B1eSb2W6,05-1033-7958
39,34a2a8a6-bd0b-4050-ab10-ff04449ca766,松本 結衣,Velda_Ritchie@yahoo.com,5gY5r5Mlse8Hvnz,09-4993-2635
0,051344a2-aa9e-410e-90c4-6fc68167d8f9,鈴木 陽翔,Rolando95@gmail.com,HYrkqCdxLLwy5PZ,09633-8-5394
393,53d1518e-423a-437c-91ae-9a3dd8164c28,伊藤 陸斗,Nettie42@hotmail.com,TsjAqdtwLE91Fj6,04-3273-8138
108,f3d82547-4872-4910-90ec-6d1cdae41c0d,松本 翼,Lisette89@hotmail.com,XdjQo47GPRkiwa5,008-422-7916
114,7c40b2c0-5aa2-4754-8935-bb9952ed8f6b,清水 海翔,Dane5@gmail.com,EPhOCiC2fookQ6H,03-5151-0371
116,11dc8580-cf84-4027-b3eb-6d2ec17111d7,松本 陽菜,Colleen10@gmail.com,Ziv2NDSMcvzSWZ0,0624-16-9732
123,b1540038-7882-4bca-8ddf-fd2cc939df8d,木村 蒼空,Bonita.Wisoky73@yahoo.com,JsGDoGollBlVY21,0942-51-3405
28,7a08b27e-f108-4d20-b860-f0f0a08007ec,山田 颯太,Faye28@gmail.com,Mz3W20CY81PSaT2,0498-51-9884
10,e38f1bb7-b762-411f-abd7-006fd54f4dcd,松本 大和,Kiara.Bashirian83@gmail.com,9NsTrSqSj8q2SiE,022-108-9106
23,8c5e150a-0b4d-4a4c-ae58-aff323efd1cd,清水 心愛,Deborah98@hotmail.com,MGbSUjlA6A9V9kG,080-651-8697
73,30145b68-aee1-4f0d-b401-54c3aecebe22,佐藤 大和,Maryam.Fay@hotmail.com,X8gqChcgjGstYI3,0989-47-3000
31,e1d96926-e442-44d2-9990-4ab9ab737f23,田中 結菜,Giovanna.Rolfson32@hotmail.com,NX9mdWZcvBn7o5N,0704-34-3589
45,af1f659a-989a-429f-a3ad-baa1c1d23539,林 海翔,Alexandrea62@hotmail.com,hpYuZZcOyNF7yWm,0444-27-2853
304,9f6af792-f08a-4d68-baf4-bd54259e1c56,伊藤 蒼空,Maxie88@hotmail.com,v1v7vJXSvrYfPa6,0495-41-5272
117,533cf70c-a299-48b8-aebb-25cc2e1a82dc,高橋 大翔,Lilly21@yahoo.com,t0w3XnS6z6efbEE,003-768-4852
88,ad9fe2cc-d0ca-4a87-923c-9ba345445519,佐々木 樹,Mariam14@hotmail.com,BV0XSDWxou8eFq3,073-441-4156
39,421a3725-7b6b-4d59-8fc1-4a8f35543af6,清水 蒼空,Ismael13@yahoo.com,ncbfvsgpA1Q2p0q,04212-3-4926
10,b38a1d0a-a23b-4d8b-a7e7-6c9c1b9200e9,渡辺 莉子,Alejandrin.Trantow50@yahoo.com,bthmqVSJwTsSz6x,07650-5-5720
42,df515be7-ea1c-4c01-a6e5-130e79bc548d,鈴木 大翔,Kaylah20@gmail.com,BPe_QcZwjKdBhmB,0344-29-9165
55,89b8d321-66b6-43aa-acff-3c30074959b3,松本 杏,Wilhelmine.Osinski@gmail.com,MrAGyNAQS0lpLDu,08739-1-5187
31,ec211de2-1382-4ba1-8e67-af87aedd2bdf,山口 陸斗,Clovis9@gmail.com,VsYQaNcYPqG2X62,06423-7-7301
298,57f52a6f-b70d-4850-99be-1bd07570e5df,木村 海翔,Talia_McGlynn19@hotmail.com,_Way046JyQauttb,020-697-3720
63,4b2832f6-96fc-445a-829b-111dd26253f6,田中 美羽,Sigrid.Heathcote@gmail.com,47pieCXFSArllaU,0954-13-6358
46,5f131586-97a1-44a9-a605-1a936ef398e8,吉田 杏,Layla.Gorczany17@hotmail.com,xYs43B_x5MSsaFq,0898-85-3091
33,20d28bbc-6997-49a2-80f1-05fda8e9f66d,高橋 蒼空,Mona.Jacobson@hotmail.com,EJt_jtsP3YnafeI,08881-4-7623
131,7c54eb9f-84f4-4913-ab74-e22809bdbbba,山田 海翔,Jermey_Hagenes3@yahoo.com,VZgN44bOjcHvuka,029-422-0398
58,769ef0de-e42b-484f-969f-cbc1e4a1026a,松本 蒼空,Freddy.Boyle@yahoo.com,CxVCioiPuI2XpUC,0962-37-4073
128,9b0b5f31-21a4-4437-8f0c-7eefc15bfb02,林 結愛,Lucius_Lynch43@hotmail.com,2A9fnJ4E2AuRpNT,00-7533-6280
67,67ed87e9-d951-491a-8bab-250d4b953753,松本 太一,Floyd11@gmail.com,gKTkuKyWoIwJ8uy,0291-92-0360
318,888c55e7-2d52-4c67-a8f5-9a3ecfffd92f,佐藤 美羽,Eldon_Prohaska34@yahoo.com,yYhiidDeFDbrnhD,0142-61-2412
3,0b1b56a2-a5cd-4222-be01-ed5556bf2575,木村 杏,Kristian.Kassulke@yahoo.com,8Pq9qXwEf9ZEMN3,067-607-5831
461,b96453cd-2cf9-448b-a205-e41fa87f19bb,斎藤 結菜,Rossie94@hotmail.com,WdMOeqDQmf0K_EE,0789-56-6717
25,b23e39e4-a6bb-48ca-9c03-5bb544e4a203,佐藤 海翔,Faustino_Kozey26@gmail.com,zsqdgh7Gv7GYkXF,06642-8-1610
182,7619d6af-6683-4f38-a674-1d92321420b5,渡辺 美咲,Erna.Trantow@yahoo.com,BcEbHsHQrd2fmdl,01278-1-8487
14,e4d5bcd0-477e-4409-9b8a-92c65690a901,山本 蒼空,Andrew90@yahoo.com,pv7QAOB1D9xPyrw,09-4415-5810
166,b51f6ae7-9dca-4daa-bc42-2bdd10c149a1,山口 陸斗,Hassan8@yahoo.com,NqKdo1v9QWNGuc1,09-3480-6376
129,0187ed2a-a2af-45ff-95bb-65201074bde0,山口 陽菜,Jay13@hotmail.com,Znn7kTC99pNVXjp,045-199-9533
34,db956e38-1ad3-4a2c-996d-a64e5d9eb24f,鈴木 心愛,Kade47@yahoo.com,ejpRw1GN_qb3Ikl,0875-48-3901
55,389d200d-354c-43a3-aef5-d376f36b5d7f,林 杏,Elton21@hotmail.com,D6UJXWgZWYcHOwI,01634-6-5933
35,fc5e7bd0-b6c7-437e-b30f-2505be70243c,斎藤 莉子,Lewis29@yahoo.com,jECKDVA51GAWFv0,0996-46-2694
9,2ad42c98-3b8e-4e82-9c21-386c531f8d34,小林 美羽,Victor_Daniel29@hotmail.com,w1lH2wC8R7lCtmC,02027-6-3928
